id	relatedness	relatedindividualID
RKC002	deg3	RKC028(0.93);RKC039(6.15);RKC046(5.91);RKC050(0.44)
RKC002	id	
RKC002	pc	RKC033(38.31)
RKC002	sec	RKC035(3.88);RKC036(1.34);RKC038(11.96);RKC042(10.22);RKC047(6.50)
RKC002	sib	RKC030(72.58);RKC031(60.04)
RKC005	deg3	RKC028(0.74);RKC039(2.23);RKC047(3.28);RKF086(0.01);RKF171(0.04)
RKC005	id	
RKC005	pc	RKC012(32.41)
RKC005	sec	RKC024(5.34);RKC025(0.34)
RKC005	sib	
RKC007	deg3	
RKC007	id	
RKC007	pc	RKC008(39.36);RKC009(37.61)
RKC007	sec	
RKC007	sib	RKC017(63.97)
RKC008	deg3	RKC017(0.72);RKC039(3.77);RKF128(3.04)
RKC008	id	
RKC008	pc	RKC007;RKC021(41.87)
RKC008	sec	RKC018(10.91);RKF088(6.39);RKF171(0.15)
RKC008	sib	RKC009(21.77)
RKC009	deg3	RKF088(2.78)
RKC009	id	
RKC009	pc	RKC007;RKC018(35.97)
RKC009	sec	RKC017(4.97);RKC021(7.84)
RKC009	sib	RKC008
RKC010	deg3	RKF094(1.61)
RKC010	id	
RKC010	pc	RKC027(40.74)
RKC010	sec	RKF187(10.15)
RKC010	sib	
RKC011	deg3	RKC012(2.24);RKC033(1.66);RKF150(0.39)
RKC011	id	
RKC011	pc	RKC027(37.55);RKC028(40.74);RKC029(39.49);RKC044(36.99)
RKC011	sec	RKC024(9.85);RKC038(6.89);RKC043(12.29);RKF014(0.19)
RKC011	sib	
RKC012	deg3	RKC011;RKC021(3.07);RKC033(1.87);RKF014(3.57)
RKC012	id	
RKC012	pc	RKC005;RKC024(40.12)
RKC012	sec	RKC028(11.06);RKC039(7.03);RKC047(9.10)
RKC012	sib	
RKC013	deg3	
RKC013	id	
RKC013	pc	RKC029(42.32)
RKC013	sec	
RKC013	sib	
RKC014	deg3	RKC024(2.62)
RKC014	id	
RKC014	pc	
RKC014	sec	
RKC014	sib	
RKC015	deg3	RKC020(1.49)
RKC015	id	
RKC015	pc	
RKC015	sec	RKC019(2.64)
RKC015	sib	
RKC016	deg3	RKF136(2.01)
RKC016	id	
RKC016	pc	
RKC016	sec	
RKC016	sib	
RKC017	deg3	RKC008
RKC017	id	
RKC017	pc	
RKC017	sec	RKC009
RKC017	sib	RKC007
RKC018	deg3	RKC039(2.28);RKF128(1.03)
RKC018	id	
RKC018	pc	RKC009;RKC021(36.88)
RKC018	sec	RKC008;RKF088(10.34)
RKC018	sib	
RKC019	deg3	
RKC019	id	
RKC019	pc	RKC020(38.63);RKC023(39.00)
RKC019	sec	RKC015
RKC019	sib	
RKC020	deg3	RKC015;RKF010(5.19);RKF014(5.34);RKF100(1.21);RKF218(1.75)
RKC020	id	
RKC020	pc	RKC019;RKF142(41.07)
RKC020	sec	RKF002(1.82);RKF016(14.17);RKF042(3.10);RKF140(14.98);RKF168(2.68);RKF199(6.44);RKF209(3.66)
RKC020	sib	RKC023(51.96)
RKC021	deg3	RKC012;RKF081(0.22);RKF145(4.58);RKF171(0.10);RKF180(2.59)
RKC021	id	
RKC021	pc	RKC008;RKC018;RKF088(41.70)
RKC021	sec	RKC009;RKC039(11.50);RKF128(8.25)
RKC021	sib	
RKC023	deg3	RKF002(0.31);RKF010(0.58);RKF014(5.59);RKF047(2.54)
RKC023	id	
RKC023	pc	RKC019;RKF142(40.06)
RKC023	sec	RKF016(13.56);RKF042(0.38);RKF100(1.01);RKF140(15.55);RKF168(3.53);RKF199(1.62);RKF209(9.28)
RKC023	sib	RKC020
RKC024	deg3	RKC014;RKC027(1.95);RKC029(3.04)
RKC024	id	
RKC024	pc	RKC012;RKC028(36.11)
RKC024	sec	RKC005;RKC011;RKF014(9.38)
RKC024	sib	
RKC025	deg3	RKC028(2.97);RKC033(0.43);RKF119(0.14);RKF167(0.36);RKF187(0.08)
RKC025	id	
RKC025	pc	
RKC025	sec	RKC005;RKC038(2.64);RKC040(14.55);RKC043(0.52);RKC045(11.40);RKF022(0.00)
RKC025	sib	
RKC027	deg3	RKC024;RKF187(0.07)
RKC027	id	
RKC027	pc	RKC010;RKC011
RKC027	sec	RKC028(0.96);RKC029(5.20);RKC043(2.55);RKC044(15.73)
RKC027	sib	
RKC028	deg3	RKC002;RKC005;RKC025;RKC030(2.40);RKC031(1.81);RKC042(0.50);RKC043(4.71);RKC045(1.90);RKC047(2.00)
RKC028	id	
RKC028	pc	RKC011;RKC024;RKC038(38.05);RKF014(41.27)
RKC028	sec	RKC012;RKC027;RKC029(9.93);RKC033(4.53);RKC036(7.87)
RKC028	sib	
RKC029	deg3	RKC024;RKC038(4.24);RKC043(5.52)
RKC029	id	
RKC029	pc	RKC011;RKC013
RKC029	sec	RKC027;RKC028;RKC044(8.08)
RKC029	sib	
RKC030	deg3	RKC028;RKC039(6.12);RKC046(4.70)
RKC030	id	
RKC030	pc	RKC033(35.91)
RKC030	sec	RKC035(5.73);RKC036(12.45);RKC038(6.57);RKC042(0.07);RKC047(6.60)
RKC030	sib	RKC002;RKC031(60.48)
RKC031	deg3	RKC028;RKC039(5.39)
RKC031	id	
RKC031	pc	RKC033(37.29);RKC035(42.34)
RKC031	sec	RKC036(6.09);RKC038(9.13);RKC042(11.36);RKC046(13.25);RKC047(3.52);RKC050(4.77)
RKC031	sib	RKC002;RKC030
RKC032	deg3	
RKC032	id	
RKC032	pc	RKC035(42.47)
RKC032	sec	RKC046(6.03);RKC050(14.05)
RKC032	sib	
RKC033	deg3	RKC011;RKC012;RKC025;RKC043(2.83);RKC045(4.93);RKC046(4.66);RKF135(2.80)
RKC033	id	
RKC033	pc	RKC002;RKC030;RKC031;RKC036(32.59);RKC038(36.26);RKC042(35.33)
RKC033	sec	RKC028;RKC035(11.57);RKC039(7.40)
RKC033	sib	RKC047(42.71)
RKC034	deg3	RKF058(0.02)
RKC034	id	
RKC034	pc	RKC045(41.46)
RKC034	sec	RKF171(0.10)
RKC034	sib	
RKC035	deg3	RKC036(4.53);RKC038(2.18);RKC042(5.62);RKC047(0.87)
RKC035	id	
RKC035	pc	RKC031;RKC032
RKC035	sec	RKC002;RKC030;RKC033;RKC046(11.19);RKC050(12.03)
RKC035	sib	
RKC036	deg3	RKC035;RKC039(3.55);RKC043(4.14);RKC045(0.68);RKC046(0.16);RKF014(1.91)
RKC036	id	
RKC036	pc	RKC033
RKC036	sec	RKC002;RKC028;RKC030;RKC031;RKC042(6.51);RKC047(6.43)
RKC036	sib	RKC038(51.24)
RKC038	deg3	RKC029;RKC035;RKC039(5.09);RKC046(0.26)
RKC038	id	
RKC038	pc	RKC028;RKC033
RKC038	sec	RKC002;RKC011;RKC025;RKC030;RKC031;RKC042(6.34);RKC043(20.85);RKC045(6.45);RKC047(7.71);RKF014(9.10)
RKC038	sib	RKC036
RKC039	deg3	RKC002;RKC005;RKC008;RKC018;RKC030;RKC031;RKC036;RKC038;RKC042(1.78)
RKC039	id	
RKC039	pc	RKC047(39.81)
RKC039	sec	RKC012;RKC021;RKC033
RKC039	sib	
RKC040	deg3	RKC043(0.77)
RKC040	id	
RKC040	pc	
RKC040	sec	RKC025;RKC045(12.13)
RKC040	sib	
RKC042	deg3	RKC028;RKC035;RKC039;RKC046(1.01)
RKC042	id	
RKC042	pc	RKC033
RKC042	sec	RKC002;RKC030;RKC031;RKC036;RKC038;RKC047(2.43)
RKC042	sib	
RKC043	deg3	RKC028;RKC029;RKC033;RKC036;RKC040;RKF150(5.34)
RKC043	id	
RKC043	pc	RKC044(40.78)
RKC043	sec	RKC011;RKC025;RKC027;RKC038;RKC045(3.60)
RKC043	sib	
RKC044	deg3	RKF119(0.21)
RKC044	id	
RKC044	pc	RKC011;RKC043
RKC044	sec	RKC027;RKC029;RKF150(5.60)
RKC044	sib	
RKC045	deg3	RKC028;RKC033;RKC036;RKC047(0.92)
RKC045	id	
RKC045	pc	RKC034
RKC045	sec	RKC025;RKC038;RKC040;RKC043
RKC045	sib	
RKC046	deg3	RKC002;RKC030;RKC033;RKC036;RKC038;RKC042
RKC046	id	
RKC046	pc	
RKC046	sec	RKC031;RKC032;RKC035
RKC046	sib	RKC050(66.87)
RKC047	deg3	RKC005;RKC028;RKC035;RKC045;RKF135(0.42)
RKC047	id	
RKC047	pc	RKC039
RKC047	sec	RKC002;RKC012;RKC030;RKC031;RKC036;RKC038;RKC042
RKC047	sib	RKC033
RKC050	deg3	RKC002
RKC050	id	
RKC050	pc	
RKC050	sec	RKC031;RKC032;RKC035
RKC050	sib	RKC046
RKC051	deg3	
RKC051	id	
RKC051	pc	
RKC051	sec	
RKC051	sib	RKC052(36.25)
RKC052	deg3	
RKC052	id	
RKC052	pc	
RKC052	sec	
RKC052	sib	RKC051
RKF001	deg3	RKF073(0.25);RKF168(0.56);RKF216(0.21)
RKF001	id	RKF171(0.09)
RKF001	pc	
RKF001	sec	RKF022(0.33);RKF085(0.55);RKF111(0.19);RKF125(1.08)
RKF001	sib	
RKF002	deg3	RKC023;RKF010(2.39);RKF012(2.54);RKF014(3.94);RKF047(5.49);RKF100(0.73);RKF152(1.13);RKF160(0.05);RKF218(4.83)
RKF002	id	
RKF002	pc	RKF142(38.73)
RKF002	sec	RKC020;RKF016(18.37);RKF042(17.17);RKF140(1.92);RKF167(4.99);RKF209(4.66)
RKF002	sib	RKF168(28.15);RKF199(76.00)
RKF004	deg3	
RKF004	id	
RKF004	pc	RKF139(43.06)
RKF004	sec	
RKF004	sib	
RKF005	deg3	RKF075(0.02)
RKF005	id	
RKF005	pc	RKF162(38.63)
RKF005	sec	
RKF005	sib	
RKF007	deg3	RKF047(0.20)
RKF007	id	
RKF007	pc	
RKF007	sec	
RKF007	sib	
RKF009	deg3	RKF167(0.10)
RKF009	id	
RKF009	pc	
RKF009	sec	RKF058(0.17);RKF075(0.03)
RKF009	sib	
RKF010	deg3	RKC020;RKC023;RKF002;RKF013(6.07);RKF019(0.43);RKF037(2.23);RKF038(2.03);RKF099(0.81);RKF100(1.69);RKF156(3.44);RKF160(2.88);RKF168(2.33);RKF191(2.35);RKF199(4.40)
RKF010	id	
RKF010	pc	RKF028(40.97);RKF042(40.97)
RKF010	sec	RKF012(4.70);RKF016(12.97);RKF020(9.76);RKF023(5.04);RKF047(5.62);RKF127(2.30);RKF142(17.96);RKF152(4.85);RKF184(2.93);RKF198(7.86);RKF209(2.21)
RKF010	sib	RKF218(40.59)
RKF011	deg3	RKF171(0.13)
RKF011	id	
RKF011	pc	RKF099(39.92);RKF191(42.30)
RKF011	sec	
RKF011	sib	
RKF012	deg3	RKF002;RKF020(1.51);RKF037(4.14);RKF038(1.25);RKF082(0.04);RKF099(1.81);RKF119(0.10);RKF156(3.93);RKF160(4.91);RKF168(0.68);RKF171(0.02);RKF184(2.41);RKF191(3.28);RKF198(4.41);RKF199(3.12);RKF209(1.33);RKF225(0.12)
RKF012	id	
RKF012	pc	RKF013(29.28);RKF019(23.14);RKF042(28.03);RKF100(23.35);RKF144(28.65)
RKF012	sec	RKF010;RKF015(7.09);RKF016(2.06);RKF047(5.29);RKF075(0.06);RKF142(7.59);RKF152(3.69);RKF218(6.68)
RKF012	sib	
RKF013	deg3	RKF010;RKF016(2.88);RKF047(3.54);RKF142(5.94);RKF152(3.05);RKF209(1.71);RKF218(4.40)
RKF013	id	
RKF013	pc	RKF012
RKF013	sec	RKF015(9.54);RKF042(14.01);RKF100(5.10);RKF127(12.88);RKF144(5.15)
RKF013	sib	RKF019(55.02)
RKF014	deg3	RKC012;RKC020;RKC023;RKC036;RKF002;RKF168(3.53);RKF199(3.85)
RKF014	id	
RKF014	pc	RKC028;RKF140(40.67)
RKF014	sec	RKC011;RKC024;RKC038;RKF016(10.86);RKF100(10.04);RKF142(9.72);RKF209(10.11)
RKF014	sib	
RKF015	deg3	RKF100(2.61);RKF127(5.99);RKF144(2.86)
RKF015	id	
RKF015	pc	RKF019(39.36);RKF120(39.57)
RKF015	sec	RKF012;RKF013;RKF023(12.51)
RKF015	sib	
RKF016	deg3	RKF013;RKF019(0.61);RKF020(0.17);RKF037(2.66);RKF127(0.97);RKF152(1.76);RKF156(1.80);RKF160(6.09);RKF184(3.90);RKF198(2.94)
RKF016	id	
RKF016	pc	RKF042(41.73);RKF140(42.87)
RKF016	sec	RKC020;RKC023;RKF002;RKF010;RKF012;RKF014;RKF047(14.22);RKF168(11.44);RKF199(15.03);RKF218(9.05)
RKF016	sib	RKF100(5.46);RKF142(86.56);RKF209(46.15)
RKF017	deg3	RKF225(0.02)
RKF017	id	RKF035(141.47)
RKF017	pc	
RKF017	sec	RKF058(0.03);RKF123(0.02)
RKF017	sib	
RKF018	deg3	
RKF018	id	
RKF018	pc	RKF020(40.46);RKF184(39.21)
RKF018	sec	
RKF018	sib	
RKF019	deg3	RKF010;RKF016;RKF058(0.00);RKF142(1.10);RKF152(1.10)
RKF019	id	
RKF019	pc	RKF012;RKF015
RKF019	sec	RKF042(2.76);RKF100(3.49);RKF127(11.23);RKF144(17.33)
RKF019	sib	RKF013
RKF020	deg3	RKF012;RKF016;RKF047(1.13);RKF142(2.17)
RKF020	id	
RKF020	pc	RKF018;RKF218(42.29)
RKF020	sec	RKF010;RKF028(17.62);RKF042(3.41);RKF127(3.86);RKF198(4.69)
RKF020	sib	RKF184(66.37)
RKF022	deg3	RKF108(0.03);RKF125(0.31);RKF146(0.28);RKF149(0.08);RKO004(0.03)
RKF022	id	
RKF022	pc	RKF024(0.14);RKF137(7.71)
RKF022	sec	RKC025;RKF001;RKF085(0.27)
RKF022	sib	
RKF023	deg3	RKF028(3.66);RKF218(1.87)
RKF023	id	
RKF023	pc	RKF120(41.60)
RKF023	sec	RKF010;RKF015
RKF023	sib	
RKF024	deg3	RKF103(1.87);RKF123(0.09);RKF149(0.65)
RKF024	id	
RKF024	pc	RKF022
RKF024	sec	RKF171(0.00)
RKF024	sib	
RKF025	deg3	RKF058(0.05)
RKF025	id	
RKF025	pc	
RKF025	sec	RKF171(0.26)
RKF025	sib	RKF090(27.20);RKF092(39.66);RKF095(50.84)
RKF026	deg3	
RKF026	id	
RKF026	pc	RKF027(44.42)
RKF026	sec	
RKF026	sib	
RKF027	deg3	RKF058(0.10);RKF171(0.17)
RKF027	id	
RKF027	pc	RKF026
RKF027	sec	
RKF027	sib	
RKF028	deg3	RKF023
RKF028	id	
RKF028	pc	RKF010;RKF218(40.58)
RKF028	sec	RKF020;RKF127(13.93);RKF184(12.28);RKF198(9.35)
RKF028	sib	
RKF029	deg3	RKF042(2.80);RKF158(5.93);RKF160(0.80)
RKF029	id	
RKF029	pc	
RKF029	sec	RKF032(6.90);RKF033(11.58);RKF034(7.56);RKF036(6.79);RKF041(4.44);RKF046(6.41);RKF047(3.49);RKF139(9.07);RKF155(17.49);RKF170(9.20);RKF210(10.72);RKF219(8.62)
RKF029	sib	RKF031(96.93);RKF040(55.44);RKF141(57.78);RKF157(107.52);RKF213(110.47)
RKF030	deg3	
RKF030	id	RKF215(109.74)
RKF030	pc	
RKF030	sec	
RKF030	sib	
RKF031	deg3	RKF042(5.36);RKF047(2.74)
RKF031	id	
RKF031	pc	RKF036(43.72);RKF155(42.09);RKF219(40.50)
RKF031	sec	RKF032(10.23);RKF033(12.13);RKF034(10.94);RKF041(6.62);RKF046(7.42);RKF139(9.72);RKF158(15.53);RKF170(8.48);RKF210(6.98)
RKF031	sib	RKF029;RKF040(29.15);RKF141(82.39);RKF157(99.28);RKF213(75.82)
RKF032	deg3	RKF033(3.72);RKF034(1.04);RKF036(0.81);RKF155(2.62);RKF170(1.98);RKF210(3.74);RKF219(1.62)
RKF032	id	
RKF032	pc	RKF040(38.99);RKF212(37.44)
RKF032	sec	RKF029;RKF031;RKF046(8.65);RKF141(11.60);RKF157(2.52);RKF213(3.72)
RKF032	sib	RKF041(39.67)
RKF033	deg3	RKF032;RKF036(2.75);RKF040(0.32);RKF058(0.08);RKF139(5.86);RKF155(5.82);RKF158(1.97);RKF219(2.72)
RKF033	id	
RKF033	pc	RKF143(37.42);RKF213(40.96)
RKF033	sec	RKF029;RKF031;RKF141(6.91);RKF157(8.74);RKF210(7.34)
RKF033	sib	RKF034(54.45);RKF170(29.28)
RKF034	deg3	RKF032;RKF036(3.65);RKF041(0.06);RKF046(1.00);RKF139(1.51);RKF155(2.33);RKF219(4.05)
RKF034	id	
RKF034	pc	RKF143(42.00);RKF213(40.81)
RKF034	sec	RKF029;RKF031;RKF040(5.70);RKF141(9.42);RKF157(11.54);RKF210(6.85)
RKF034	sib	RKF033;RKF170(59.92)
RKF035	deg3	RKF225(0.02)
RKF035	id	RKF017
RKF035	pc	
RKF035	sec	RKF058(0.03);RKF123(0.02)
RKF035	sib	
RKF036	deg3	RKF032;RKF033;RKF034;RKF041(1.41);RKF042(0.13);RKF047(0.69);RKF139(1.42);RKF170(5.68)
RKF036	id	
RKF036	pc	RKF031;RKF153(38.57)
RKF036	sec	RKF029;RKF040(4.52);RKF141(10.79);RKF157(8.30);RKF158(5.91);RKF210(0.34);RKF213(9.68)
RKF036	sib	RKF155(97.96);RKF219(61.51)
RKF037	deg3	RKF010;RKF012;RKF016;RKF142(4.68);RKF152(2.33);RKF209(6.28);RKF218(4.14)
RKF037	id	
RKF037	pc	RKF047(41.96);RKF211(41.79)
RKF037	sec	RKF042(11.99)
RKF037	sib	RKF160(38.06)
RKF038	deg3	RKF010;RKF012;RKF047(5.77);RKF075(0.05);RKF142(0.24);RKF209(4.16);RKF218(0.24)
RKF038	id	
RKF038	pc	RKF152(25.82)
RKF038	sec	RKF042(13.85);RKF099(0.19);RKF162(5.68);RKF191(2.12)
RKF038	sib	RKF118(49.51);RKF156(47.23)
RKF040	deg3	RKF033;RKF042(3.90);RKF047(0.14);RKF158(1.73)
RKF040	id	
RKF040	pc	RKF032;RKF041(39.31);RKF046(41.64)
RKF040	sec	RKF034;RKF036;RKF139(3.12);RKF155(5.97);RKF170(3.40);RKF210(9.03);RKF219(2.97)
RKF040	sib	RKF029;RKF031;RKF141(56.07);RKF157(35.49);RKF213(54.16)
RKF041	deg3	RKF034;RKF036;RKF047(0.95);RKF155(3.84);RKF170(1.43);RKF210(1.65)
RKF041	id	
RKF041	pc	RKF040;RKF212(35.33)
RKF041	sec	RKF029;RKF031;RKF046(0.31);RKF141(7.35);RKF157(3.81);RKF213(3.81)
RKF041	sib	RKF032
RKF042	deg3	RKF029;RKF031;RKF036;RKF040;RKF141(3.72);RKF157(4.46);RKF162(4.52);RKF213(2.37)
RKF042	id	
RKF042	pc	RKF010;RKF012;RKF016;RKF142(41.17);RKF152(29.03);RKF209(41.71);RKF218(42.08)
RKF042	sec	RKC020;RKC023;RKF002;RKF013;RKF019;RKF020;RKF037;RKF038;RKF099(6.06);RKF100(7.35);RKF118(0.82);RKF127(5.59);RKF156(15.12);RKF160(13.20);RKF168(7.00);RKF184(6.72);RKF191(9.66);RKF198(12.35);RKF199(1.76)
RKF042	sib	RKF047(53.02)
RKF043	deg3	
RKF043	id	
RKF043	pc	RKF046(41.86)
RKF043	sec	
RKF043	sib	
RKF045	deg3	RKF167(0.86)
RKF045	id	
RKF045	pc	
RKF045	sec	
RKF045	sib	
RKF046	deg3	RKF034;RKF139(2.71);RKF155(3.69);RKF170(2.15);RKF210(3.10)
RKF046	id	
RKF046	pc	RKF040;RKF043
RKF046	sec	RKF029;RKF031;RKF032;RKF041;RKF141(6.84);RKF157(4.28);RKF213(6.66)
RKF046	sib	
RKF047	deg3	RKC023;RKF002;RKF007;RKF013;RKF020;RKF031;RKF036;RKF038;RKF040;RKF041;RKF099(1.63);RKF100(4.85);RKF127(1.34);RKF141(3.90);RKF156(6.06);RKF157(5.37);RKF168(2.22);RKF184(1.98);RKF191(2.18);RKF198(2.65);RKF210(2.09);RKF213(2.74)
RKF047	id	
RKF047	pc	RKF037;RKF160(41.57)
RKF047	sec	RKF010;RKF012;RKF016;RKF029;RKF142(8.24);RKF152(8.10);RKF209(7.57);RKF218(8.17)
RKF047	sib	RKF042
RKF048	deg3	
RKF048	id	
RKF048	pc	
RKF048	sec	RKF058(0.08);RKF075(0.02);RKF171(0.09)
RKF048	sib	
RKF049	deg3	
RKF049	id	
RKF049	pc	
RKF049	sec	RKF171(0.06)
RKF049	sib	
RKF050	deg3	RKF052(2.89);RKF087(4.69);RKF171(0.03);RKF173(5.04)
RKF050	id	
RKF050	pc	RKF175(41.51)
RKF050	sec	RKF059(5.67);RKF172(12.39)
RKF050	sib	
RKF052	deg3	RKF050;RKF058(0.00)
RKF052	id	
RKF052	pc	RKF172(36.49)
RKF052	sec	RKF087(5.49);RKF175(9.72)
RKF052	sib	RKF173(29.71)
RKF053	deg3	RKF113(4.34);RKF225(1.19)
RKF053	id	
RKF053	pc	RKF077(36.32)
RKF053	sec	RKF110(10.19);RKF121(8.37);RKF194(5.20);RKF195(14.12)
RKF053	sib	RKF124(74.13);RKF126(42.19);RKF196(80.22)
RKF055	deg3	
RKF055	id	
RKF055	pc	RKF122(35.37)
RKF055	sec	
RKF055	sib	
RKF056	deg3	RKF068(1.56);RKF075(0.01);RKF086(0.29);RKF088(3.30);RKF098(4.88);RKF131(1.69);RKF163(2.92);RKF181(1.11)
RKF056	id	
RKF056	pc	RKF058(0.24);RKF180(10.57)
RKF056	sec	RKF081(17.08);RKF111(0.33);RKF145(5.75);RKF164(1.96);RKF171(0.01)
RKF056	sib	
RKF058	deg3	RKC034;RKF019;RKF025;RKF027;RKF033;RKF052;RKF163(0.12);RKF166(0.01);RKF190(0.01);RKF197(0.02);RKF219(0.04)
RKF058	id	RKF085(0.13)
RKF058	pc	RKF056
RKF058	sec	RKF009;RKF017;RKF035;RKF048;RKF079(0.14);RKF086(0.02);RKF103(0.30);RKF146(0.01);RKF205(0.17);RKO004(0.01)
RKF058	sib	RKF130(0.01);RKF178(0.57)
RKF059	deg3	RKF214(0.24);RKF225(0.22)
RKF059	id	
RKF059	pc	RKF175(29.86)
RKF059	sec	RKF050;RKF119(0.19);RKF123(0.53)
RKF059	sib	RKF075(0.05)
RKF060	deg3	RKF220(1.60)
RKF060	id	
RKF060	pc	RKF076(38.64);RKF193(27.33)
RKF060	sec	RKF080(3.92);RKF085(2.03);RKF114(5.32)
RKF060	sib	RKF178(20.86);RKF186(25.39)
RKF061	deg3	RKF104(3.64)
RKF061	id	
RKF061	pc	RKF081(39.99);RKF145(41.56)
RKF061	sec	RKF088(8.88);RKF098(6.95);RKF131(2.64)
RKF061	sib	
RKF062	deg3	RKF201(2.47)
RKF062	id	
RKF062	pc	RKF174(40.84)
RKF062	sec	RKF067(12.54);RKF129(12.47)
RKF062	sib	RKF176(59.75)
RKF064	deg3	RKF167(0.43);RKF182(4.28);RKF185(3.53)
RKF064	id	
RKF064	pc	RKF079(37.04);RKF147(39.11)
RKF064	sec	RKF073(7.30);RKF123(0.91);RKF148(13.98);RKF207(4.34);RKF226(10.13)
RKF064	sib	RKF136(19.71)
RKF065	deg3	
RKF065	id	
RKF065	pc	
RKF065	sec	RKF070(7.21);RKF112(9.82);RKF125(18.36)
RKF065	sib	
RKF067	deg3	
RKF067	id	
RKF067	pc	RKF129(41.64)
RKF067	sec	RKF062;RKF176(6.53);RKF201(6.80)
RKF067	sib	
RKF068	deg3	RKF056;RKF081(2.09);RKF082(0.11);RKF085(0.21);RKF119(0.12);RKF145(3.90);RKF148(5.43);RKF163(2.90);RKF181(2.17)
RKF068	id	
RKF068	pc	
RKF068	sec	RKF164(7.47);RKF180(0.76);RKF185(6.68)
RKF068	sib	RKF075(0.09)
RKF070	deg3	
RKF070	id	
RKF070	pc	
RKF070	sec	RKF065
RKF070	sib	RKF112(91.20);RKF125(53.08)
RKF071	deg3	RKF087(0.41);RKF119(0.13);RKF123(0.04);RKF171(0.10);RKF175(0.02)
RKF071	id	
RKF071	pc	
RKF071	sec	RKF075(0.05);RKF111(0.63);RKF172(0.56)
RKF071	sib	
RKF073	deg3	RKF001;RKF075(0.00);RKF079(0.78);RKF082(0.23);RKF119(0.18);RKF123(0.15);RKF128(0.21);RKF164(2.44)
RKF073	id	
RKF073	pc	RKF148(34.69);RKF207(30.59)
RKF073	sec	RKF064;RKF136(5.68);RKF182(7.75);RKF185(7.89)
RKF073	sib	RKF147(33.11);RKF226(30.76)
RKF074	deg3	RKF171(0.17)
RKF074	id	
RKF074	pc	RKF227(37.56)
RKF074	sec	
RKF074	sib	
RKF075	deg3	RKF005;RKF038;RKF056;RKF073;RKF107(0.13);RKF113(0.08);RKF161(0.01);RKF162(0.06);RKF174(0.02);RKF203(0.02);RKF224(0.06);RKF227(0.00)
RKF075	id	RKF097(0.52)
RKF075	pc	RKF114(1.00);RKF149(0.42)
RKF075	sec	RKF009;RKF012;RKF048;RKF071;RKF087(0.09);RKF093(0.04);RKF146(0.04)
RKF075	sib	RKF059;RKF068;RKF128(0.08)
RKF076	deg3	RKF114(5.45);RKF220(4.93)
RKF076	id	
RKF076	pc	RKF060;RKF178(34.43);RKF186(39.96)
RKF076	sec	RKF080(11.30);RKF193(8.04)
RKF076	sib	
RKF077	deg3	RKF109(0.98);RKF113(0.63);RKF117(0.25);RKF129(1.07);RKF182(4.21);RKF195(0.88);RKF225(0.91)
RKF077	id	
RKF077	pc	RKF053;RKF124(37.38);RKF126(37.13);RKF196(35.00)
RKF077	sec	RKF110(6.73);RKF121(9.36);RKF194(7.73)
RKF077	sib	
RKF078	deg3	
RKF078	id	
RKF078	pc	RKF193(41.97)
RKF078	sec	RKF114(4.84)
RKF078	sib	
RKF079	deg3	RKF073;RKF123(0.02);RKF148(0.08);RKF226(4.18)
RKF079	id	
RKF079	pc	RKF064
RKF079	sec	RKF058;RKF111(0.13);RKF136(1.87);RKF147(5.92)
RKF079	sib	
RKF080	deg3	RKF193(1.87)
RKF080	id	
RKF080	pc	
RKF080	sec	RKF060;RKF076;RKF178(4.23);RKF186(9.01);RKF220(6.81)
RKF080	sib	
RKF081	deg3	RKC021;RKF068;RKF104(5.64);RKF163(1.25);RKF164(0.16);RKF181(2.85);RKF192(1.58)
RKF081	id	
RKF081	pc	RKF061;RKF180(35.42)
RKF081	sec	RKF056;RKF088(2.20);RKF098(12.34);RKF131(13.05)
RKF081	sib	RKF145(60.56)
RKF082	deg3	RKF012;RKF068;RKF073;RKF146(0.26);RKF149(0.12)
RKF082	id	
RKF082	pc	
RKF082	sec	RKF085(0.07);RKF167(0.14)
RKF082	sib	RKF123(0.04)
RKF083	deg3	RKF221(3.74)
RKF083	id	
RKF083	pc	RKF114(30.25)
RKF083	sec	
RKF083	sib	
RKF085	deg3	RKF068;RKF086(0.01);RKF094(0.16);RKF096(0.59);RKF119(0.04);RKF126(0.25);RKF130(0.31);RKF146(0.61);RKF149(0.16);RKF166(0.14);RKF227(0.49)
RKF085	id	RKF058
RKF085	pc	
RKF085	sec	RKF001;RKF022;RKF060;RKF082;RKF225(0.22)
RKF085	sib	RKF123(0.16);RKF171(0.12)
RKF086	deg3	RKC005;RKF056;RKF085;RKF097(0.43);RKF119(0.09)
RKF086	id	
RKF086	pc	
RKF086	sec	RKF058
RKF086	sib	RKF171(0.15)
RKF087	deg3	RKF050;RKF071
RKF087	id	
RKF087	pc	
RKF087	sec	RKF052;RKF075;RKF173(6.57);RKF175(6.55)
RKF087	sib	RKF172(39.38)
RKF088	deg3	RKC009;RKF056;RKF098(5.45);RKF121(1.38);RKF131(4.02);RKF164(2.93);RKF194(2.90);RKF195(1.59)
RKF088	id	
RKF088	pc	RKC021;RKF128(23.95)
RKF088	sec	RKC008;RKC018;RKF061;RKF081;RKF145(10.50);RKF180(6.75)
RKF088	sib	
RKF089	deg3	
RKF089	id	
RKF089	pc	RKF093(36.84)
RKF089	sec	
RKF089	sib	
RKF090	deg3	
RKF090	id	
RKF090	pc	
RKF090	sec	
RKF090	sib	RKF025;RKF092(6.08);RKF095(15.95)
RKF092	deg3	
RKF092	id	
RKF092	pc	
RKF092	sec	
RKF092	sib	RKF025;RKF090;RKF095(47.48)
RKF093	deg3	RKF111(0.24)
RKF093	id	
RKF093	pc	RKF089
RKF093	sec	RKF075;RKF171(0.24)
RKF093	sib	
RKF094	deg3	RKC010;RKF085
RKF094	id	
RKF094	pc	RKF187(14.45);RKF217(28.71)
RKF094	sec	RKF171(0.03)
RKF094	sib	
RKF095	deg3	
RKF095	id	
RKF095	pc	
RKF095	sec	
RKF095	sib	RKF025;RKF090;RKF092
RKF096	deg3	RKF085;RKF111(0.19);RKF171(0.05);RKF225(0.09)
RKF096	id	
RKF096	pc	
RKF096	sec	
RKF096	sib	
RKF097	deg3	RKF086;RKF123(0.05);RKF128(0.27)
RKF097	id	RKF075
RKF097	pc	
RKF097	sec	
RKF097	sib	
RKF098	deg3	RKF056;RKF088;RKF164(2.97);RKF189(3.16)
RKF098	id	
RKF098	pc	
RKF098	sec	RKF061;RKF081;RKF104(11.04);RKF145(4.37);RKF180(12.55);RKF192(1.09)
RKF098	sib	RKF131(41.77)
RKF099	deg3	RKF010;RKF012;RKF047;RKF162(5.21)
RKF099	id	
RKF099	pc	RKF011;RKF152(20.85)
RKF099	sec	RKF038;RKF042;RKF118(9.86);RKF156(2.62)
RKF099	sib	RKF191(57.90)
RKF100	deg3	RKC020;RKF002;RKF010;RKF015;RKF047;RKF152(3.30);RKF168(3.87);RKF171(0.13);RKF199(0.04);RKF218(0.77)
RKF100	id	
RKF100	pc	RKF012;RKF140(39.89)
RKF100	sec	RKC023;RKF013;RKF014;RKF019;RKF042;RKF144(12.42);RKF209(7.61)
RKF100	sib	RKF016;RKF142(21.31)
RKF103	deg3	RKF024
RKF103	id	
RKF103	pc	RKF107(36.36)
RKF103	sec	RKF058
RKF103	sib	
RKF104	deg3	RKF061;RKF081;RKF145(3.43)
RKF104	id	
RKF104	pc	RKF108(39.58)
RKF104	sec	RKF098;RKF131(0.75)
RKF104	sib	RKF192(42.91)
RKF105	deg3	
RKF105	id	
RKF105	pc	RKF109(40.92);RKF117(39.13)
RKF105	sec	RKF122(16.24);RKF203(8.88)
RKF105	sib	
RKF106	deg3	
RKF106	id	
RKF106	pc	
RKF106	sec	RKF183(19.06)
RKF106	sib	
RKF107	deg3	RKF075
RKF107	id	
RKF107	pc	RKF103
RKF107	sec	
RKF107	sib	
RKF108	deg3	RKF022
RKF108	id	
RKF108	pc	RKF104;RKF192(40.82)
RKF108	sec	RKF171(0.54)
RKF108	sib	
RKF109	deg3	RKF077
RKF109	id	
RKF109	pc	RKF105
RKF109	sec	RKF122(9.60);RKF133(1.21);RKF203(16.59)
RKF109	sib	RKF117(41.47)
RKF110	deg3	RKF121(0.20);RKF225(0.35)
RKF110	id	
RKF110	pc	RKF126(33.72)
RKF110	sec	RKF053;RKF077;RKF124(14.05);RKF196(9.17)
RKF110	sib	
RKF111	deg3	RKF093;RKF096;RKF131(0.20);RKF149(0.16);RKF152(0.00);RKF174(0.27);RKF225(0.01)
RKF111	id	RKF123(0.30)
RKF111	pc	
RKF111	sec	RKF001;RKF056;RKF071;RKF079;RKF114(0.04);RKF128(0.15);RKF166(0.10)
RKF111	sib	RKF167(0.01)
RKF112	deg3	
RKF112	id	
RKF112	pc	
RKF112	sec	RKF065
RKF112	sib	RKF070;RKF125(56.58)
RKF113	deg3	RKF053;RKF075;RKF077;RKF126(1.24);RKF128(1.64)
RKF113	id	
RKF113	pc	RKF116(41.07);RKF225(7.04)
RKF113	sec	RKF121(7.39);RKF194(3.50);RKF195(14.22);RKF196(7.27)
RKF113	sib	
RKF114	deg3	RKF076;RKF178(2.63);RKF186(4.76);RKF221(0.71)
RKF114	id	
RKF114	pc	RKF075;RKF083;RKF193(34.01)
RKF114	sec	RKF060;RKF078;RKF111
RKF114	sib	
RKF115	deg3	
RKF115	id	
RKF115	pc	
RKF115	sec	RKF200(11.34)
RKF115	sib	
RKF116	deg3	
RKF116	id	
RKF116	pc	RKF113
RKF116	sec	
RKF116	sib	
RKF117	deg3	RKF077
RKF117	id	
RKF117	pc	RKF105
RKF117	sec	RKF122(5.86);RKF133(13.40);RKF203(6.47)
RKF117	sib	RKF109
RKF118	deg3	
RKF118	id	
RKF118	pc	RKF152(36.28);RKF162(42.05)
RKF118	sec	RKF042;RKF099;RKF191(7.29)
RKF118	sib	RKF038;RKF156(57.90)
RKF119	deg3	RKC025;RKC044;RKF012;RKF068;RKF071;RKF073;RKF085;RKF086;RKF126(0.29);RKF146(0.02);RKF167(0.01);RKF168(0.11);RKF174(0.56);RKF184(0.42);RKF197(0.19)
RKF119	id	
RKF119	pc	RKF123(0.28)
RKF119	sec	RKF059;RKF128(0.31);RKF212(0.02)
RKF119	sib	
RKF120	deg3	
RKF120	id	
RKF120	pc	RKF015;RKF023
RKF120	sec	
RKF120	sib	
RKF121	deg3	RKF088;RKF110
RKF121	id	
RKF121	pc	RKF196(41.28)
RKF121	sec	RKF053;RKF077;RKF113;RKF124(4.21);RKF126(9.31);RKF128(2.15);RKF225(2.57)
RKF121	sib	RKF194(49.65);RKF195(48.58)
RKF122	deg3	
RKF122	id	
RKF122	pc	RKF055
RKF122	sec	RKF105;RKF109;RKF117;RKF203(3.19)
RKF122	sib	
RKF123	deg3	RKF024;RKF071;RKF073;RKF079;RKF097;RKF126(0.17);RKF205(0.55);RKF211(0.61);RKF225(0.02);RKO001(0.28)
RKF123	id	RKF111;RKF167(0.71)
RKF123	pc	RKF119
RKF123	sec	RKF017;RKF035;RKF059;RKF064;RKF128(0.00);RKF168(0.51);RKF187(0.45);RKF204(0.34)
RKF123	sib	RKF082;RKF085
RKF124	deg3	RKF225(0.83)
RKF124	id	
RKF124	pc	RKF077
RKF124	sec	RKF110;RKF121;RKF194(8.67);RKF195(9.28)
RKF124	sib	RKF053;RKF126(44.02);RKF196(72.37)
RKF125	deg3	RKF022
RKF125	id	
RKF125	pc	
RKF125	sec	RKF001;RKF065
RKF125	sib	RKF070;RKF112
RKF126	deg3	RKF085;RKF113;RKF119;RKF123;RKF195(1.25)
RKF126	id	
RKF126	pc	RKF077;RKF110
RKF126	sec	RKF121;RKF194(7.86)
RKF126	sib	RKF053;RKF124;RKF196(50.95)
RKF127	deg3	RKF015;RKF016;RKF047;RKF142(0.96);RKF209(0.67)
RKF127	id	
RKF127	pc	RKF218(41.16)
RKF127	sec	RKF010;RKF013;RKF019;RKF020;RKF028;RKF042;RKF184(10.77);RKF198(4.70)
RKF127	sib	
RKF128	deg3	RKC008;RKC018;RKF073;RKF097;RKF113;RKF130(0.16);RKF152(0.07);RKF168(0.59);RKF214(0.16)
RKF128	id	
RKF128	pc	RKF088
RKF128	sec	RKC021;RKF111;RKF119;RKF121;RKF123;RKF194(5.07);RKF195(8.41)
RKF128	sib	RKF075
RKF129	deg3	RKF077;RKF182(4.67)
RKF129	id	
RKF129	pc	RKF067;RKF201(43.24)
RKF129	sec	RKF062;RKF176(10.04)
RKF129	sib	
RKF130	deg3	RKF085;RKF128;RKF171(0.02)
RKF130	id	
RKF130	pc	
RKF130	sec	
RKF130	sib	RKF058
RKF131	deg3	RKF056;RKF088;RKF111;RKF164(5.09)
RKF131	id	
RKF131	pc	
RKF131	sec	RKF061;RKF081;RKF104;RKF145(3.75);RKF180(8.50);RKF192(5.82)
RKF131	sib	RKF098
RKF133	deg3	RKF203(3.10)
RKF133	id	
RKF133	pc	
RKF133	sec	RKF109;RKF117
RKF133	sib	
RKF135	deg3	RKC033;RKC047
RKF135	id	
RKF135	pc	
RKF135	sec	
RKF135	sib	
RKF136	deg3	RKC016
RKF136	id	
RKF136	pc	
RKF136	sec	RKF073;RKF079;RKF147(18.01);RKF148(0.29);RKF207(17.95);RKF226(13.74)
RKF136	sib	RKF064
RKF137	deg3	
RKF137	id	
RKF137	pc	RKF022
RKF137	sec	
RKF137	sib	
RKF139	deg3	RKF033;RKF034;RKF036;RKF046;RKF158(0.46);RKF170(5.06);RKF210(0.62);RKF219(5.34)
RKF139	id	
RKF139	pc	RKF004;RKF157(42.48)
RKF139	sec	RKF029;RKF031;RKF040;RKF141(12.43);RKF213(9.81)
RKF139	sib	
RKF140	deg3	
RKF140	id	
RKF140	pc	RKF014;RKF016;RKF100;RKF142(41.05);RKF209(41.02)
RKF140	sec	RKC020;RKC023;RKF002;RKF168(5.94);RKF199(11.95)
RKF140	sib	
RKF141	deg3	RKF042;RKF047;RKF158(3.98)
RKF141	id	
RKF141	pc	
RKF141	sec	RKF032;RKF033;RKF034;RKF036;RKF041;RKF046;RKF139;RKF155(9.49);RKF170(2.54);RKF210(9.72);RKF219(13.90)
RKF141	sib	RKF029;RKF031;RKF040;RKF157(91.26);RKF213(68.67)
RKF142	deg3	RKF013;RKF019;RKF020;RKF037;RKF038;RKF127;RKF156(3.74);RKF160(5.14);RKF184(0.05);RKF191(1.01);RKF198(2.81)
RKF142	id	
RKF142	pc	RKC020;RKC023;RKF002;RKF042;RKF140;RKF168(29.75);RKF199(32.24)
RKF142	sec	RKF010;RKF012;RKF014;RKF047;RKF152(0.88);RKF218(8.16)
RKF142	sib	RKF016;RKF100;RKF209(46.71)
RKF143	deg3	
RKF143	id	
RKF143	pc	RKF033;RKF034;RKF170(42.94)
RKF143	sec	
RKF143	sib	
RKF144	deg3	RKF015
RKF144	id	
RKF144	pc	RKF012
RKF144	sec	RKF013;RKF019;RKF100
RKF144	sib	
RKF145	deg3	RKC021;RKF068;RKF104;RKF163(4.14);RKF181(5.15);RKF182(2.00)
RKF145	id	
RKF145	pc	RKF061;RKF180(39.36)
RKF145	sec	RKF056;RKF088;RKF098;RKF131;RKF164(6.77)
RKF145	sib	RKF081
RKF146	deg3	RKF022;RKF082;RKF085;RKF119;RKF166(0.21)
RKF146	id	
RKF146	pc	
RKF146	sec	RKF058;RKF075
RKF146	sib	
RKF147	deg3	RKF164(5.40)
RKF147	id	
RKF147	pc	RKF064;RKF148(41.76);RKF207(42.20)
RKF147	sec	RKF079;RKF136;RKF182(10.27);RKF185(9.77)
RKF147	sib	RKF073;RKF226(85.33)
RKF148	deg3	RKF068;RKF079;RKF163(6.22);RKF181(4.76)
RKF148	id	
RKF148	pc	RKF073;RKF147;RKF182(43.91);RKF185(43.77);RKF226(38.99)
RKF148	sec	RKF064;RKF136
RKF148	sib	RKF164(23.43)
RKF149	deg3	RKF022;RKF024;RKF082;RKF085;RKF111
RKF149	id	
RKF149	pc	RKF075
RKF149	sec	RKF171(0.21)
RKF149	sib	
RKF150	deg3	RKC011;RKC043
RKF150	id	
RKF150	pc	
RKF150	sec	RKC044
RKF150	sib	
RKF151	deg3	
RKF151	id	
RKF151	pc	RKF158(42.39);RKF221(38.68)
RKF151	sec	
RKF151	sib	
RKF152	deg3	RKF002;RKF013;RKF016;RKF019;RKF037;RKF100;RKF111;RKF128;RKF160(2.39);RKF198(1.02);RKF199(0.68);RKF218(0.58)
RKF152	id	
RKF152	pc	RKF038;RKF042;RKF099;RKF118;RKF156(37.71);RKF191(34.12)
RKF152	sec	RKF010;RKF012;RKF047;RKF142;RKF162(12.51);RKF209(2.71)
RKF152	sib	
RKF153	deg3	
RKF153	id	
RKF153	pc	RKF036;RKF155(41.01);RKF219(35.11)
RKF153	sec	RKF158(1.62)
RKF153	sib	
RKF155	deg3	RKF032;RKF033;RKF034;RKF041;RKF046;RKF170(3.15);RKF210(3.34)
RKF155	id	
RKF155	pc	RKF031;RKF153
RKF155	sec	RKF029;RKF040;RKF141;RKF157(9.05);RKF158(4.48);RKF213(7.93)
RKF155	sib	RKF036;RKF219(62.32)
RKF156	deg3	RKF010;RKF012;RKF016;RKF047;RKF142;RKF209(5.43);RKF218(3.08)
RKF156	id	
RKF156	pc	RKF152
RKF156	sec	RKF042;RKF099;RKF162(7.32);RKF191(8.00)
RKF156	sib	RKF038;RKF118
RKF157	deg3	RKF042;RKF047;RKF158(2.61);RKF160(0.81)
RKF157	id	
RKF157	pc	RKF139
RKF157	sec	RKF032;RKF033;RKF034;RKF036;RKF041;RKF046;RKF155;RKF170(10.15);RKF210(10.55);RKF219(10.16)
RKF157	sib	RKF029;RKF031;RKF040;RKF141;RKF213(89.84)
RKF158	deg3	RKF029;RKF033;RKF040;RKF139;RKF141;RKF157;RKF210(2.01);RKF213(1.30)
RKF158	id	
RKF158	pc	RKF151;RKF219(36.61)
RKF158	sec	RKF031;RKF036;RKF153;RKF155;RKF221(6.14)
RKF158	sib	
RKF160	deg3	RKF002;RKF010;RKF012;RKF016;RKF029;RKF142;RKF152;RKF157;RKF209(5.13);RKF218(3.66)
RKF160	id	
RKF160	pc	RKF047;RKF211(42.89)
RKF160	sec	RKF042
RKF160	sib	RKF037
RKF161	deg3	RKF075
RKF161	id	
RKF161	pc	
RKF161	sec	
RKF161	sib	
RKF162	deg3	RKF042;RKF075;RKF099;RKF191(2.64)
RKF162	id	
RKF162	pc	RKF005;RKF118
RKF162	sec	RKF038;RKF152;RKF156
RKF162	sib	
RKF163	deg3	RKF056;RKF058;RKF068;RKF081;RKF145;RKF148
RKF163	id	
RKF163	pc	RKF164(42.63)
RKF163	sec	RKF180(11.55);RKF185(5.26)
RKF163	sib	RKF181(45.34)
RKF164	deg3	RKF073;RKF081;RKF088;RKF098;RKF131;RKF147;RKF182(6.12);RKF226(6.51)
RKF164	id	
RKF164	pc	RKF163;RKF180(36.70);RKF181(43.38);RKF185(39.44)
RKF164	sec	RKF056;RKF068;RKF145
RKF164	sib	RKF148
RKF166	deg3	RKF058;RKF085;RKF146;RKF171(0.02)
RKF166	id	
RKF166	pc	
RKF166	sec	RKF111
RKF166	sib	
RKF167	deg3	RKC025;RKF009;RKF045;RKF064;RKF119;RKF168(0.37);RKF204(0.74);RKF205(0.77);RKO001(0.58)
RKF167	id	RKF123
RKF167	pc	
RKF167	sec	RKF002;RKF082;RKF199(6.59)
RKF167	sib	RKF111
RKF168	deg3	RKF001;RKF010;RKF012;RKF014;RKF047;RKF100;RKF119;RKF128;RKF167;RKF171(0.02);RKF218(0.14);RKF225(0.15)
RKF168	id	
RKF168	pc	RKF142
RKF168	sec	RKC020;RKC023;RKF016;RKF042;RKF123;RKF140;RKF209(4.68)
RKF168	sib	RKF002;RKF199(20.92)
RKF170	deg3	RKF032;RKF036;RKF041;RKF046;RKF139;RKF155;RKF219(3.16)
RKF170	id	
RKF170	pc	RKF143;RKF213(40.69)
RKF170	sec	RKF029;RKF031;RKF040;RKF141;RKF157;RKF210(6.24)
RKF170	sib	RKF033;RKF034
RKF171	deg3	RKC005;RKC021;RKF011;RKF012;RKF027;RKF050;RKF071;RKF074;RKF096;RKF100;RKF130;RKF166;RKF168;RKF172(0.25);RKF174(0.10);RKF211(0.16);RKO003(0.25);RKO004(0.13)
RKF171	id	RKF001
RKF171	pc	RKF225(0.10)
RKF171	sec	RKC008;RKC034;RKF024;RKF025;RKF048;RKF049;RKF056;RKF093;RKF094;RKF108;RKF149;RKF180(0.03);RKF204(0.07);RKF212(0.35);RKF227(0.11)
RKF171	sib	RKF085;RKF086
RKF172	deg3	RKF171
RKF172	id	
RKF172	pc	RKF052;RKF173(36.20);RKF175(40.28)
RKF172	sec	RKF050;RKF071
RKF172	sib	RKF087
RKF173	deg3	RKF050
RKF173	id	
RKF173	pc	RKF172
RKF173	sec	RKF087;RKF175(13.15)
RKF173	sib	RKF052
RKF174	deg3	RKF075;RKF111;RKF119;RKF171
RKF174	id	
RKF174	pc	RKF062;RKF176(42.14)
RKF174	sec	
RKF174	sib	
RKF175	deg3	RKF071
RKF175	id	
RKF175	pc	RKF050;RKF059;RKF172
RKF175	sec	RKF052;RKF087;RKF173
RKF175	sib	
RKF176	deg3	RKF201(2.74)
RKF176	id	
RKF176	pc	RKF174
RKF176	sec	RKF067;RKF129
RKF176	sib	RKF062
RKF178	deg3	RKF114;RKF220(1.77)
RKF178	id	
RKF178	pc	RKF076
RKF178	sec	RKF080;RKF193(5.13)
RKF178	sib	RKF058;RKF060;RKF186(45.93)
RKF179	deg3	
RKF179	id	
RKF179	pc	RKF201(39.24)
RKF179	sec	
RKF179	sib	
RKF180	deg3	RKC021
RKF180	id	
RKF180	pc	RKF056;RKF081;RKF145;RKF164
RKF180	sec	RKF068;RKF088;RKF098;RKF131;RKF163;RKF171;RKF181(13.89);RKF182(4.31)
RKF180	sib	
RKF181	deg3	RKF056;RKF068;RKF081;RKF145;RKF148
RKF181	id	
RKF181	pc	RKF164
RKF181	sec	RKF180;RKF185(5.10)
RKF181	sib	RKF163
RKF182	deg3	RKF064;RKF077;RKF129;RKF145;RKF164;RKF196(0.65);RKF201(1.17)
RKF182	id	
RKF182	pc	RKF148
RKF182	sec	RKF073;RKF147;RKF180;RKF226(6.26)
RKF182	sib	
RKF183	deg3	
RKF183	id	
RKF183	pc	
RKF183	sec	RKF106
RKF183	sib	
RKF184	deg3	RKF012;RKF016;RKF047;RKF119;RKF142
RKF184	id	
RKF184	pc	RKF018;RKF218(39.81)
RKF184	sec	RKF010;RKF028;RKF042;RKF127;RKF198(4.70)
RKF184	sib	RKF020
RKF185	deg3	RKF064
RKF185	id	
RKF185	pc	RKF148;RKF164
RKF185	sec	RKF068;RKF073;RKF147;RKF163;RKF181;RKF226(12.31)
RKF185	sib	
RKF186	deg3	RKF114;RKF220(5.13)
RKF186	id	
RKF186	pc	RKF076
RKF186	sec	RKF080;RKF193(3.68)
RKF186	sib	RKF060;RKF178
RKF187	deg3	RKC025;RKC027
RKF187	id	
RKF187	pc	RKF094
RKF187	sec	RKC010;RKF123;RKF225(0.95)
RKF187	sib	
RKF189	deg3	RKF098
RKF189	id	
RKF189	pc	
RKF189	sec	
RKF189	sib	
RKF190	deg3	RKF058
RKF190	id	
RKF190	pc	RKF198(41.36)
RKF190	sec	
RKF190	sib	
RKF191	deg3	RKF010;RKF012;RKF047;RKF142;RKF162;RKF209(1.84);RKF218(0.68)
RKF191	id	
RKF191	pc	RKF011;RKF152
RKF191	sec	RKF038;RKF042;RKF118;RKF156
RKF191	sib	RKF099
RKF192	deg3	RKF081
RKF192	id	
RKF192	pc	RKF108
RKF192	sec	RKF098;RKF131
RKF192	sib	RKF104
RKF193	deg3	RKF080
RKF193	id	
RKF193	pc	RKF060;RKF078;RKF114
RKF193	sec	RKF076;RKF178;RKF186
RKF193	sib	
RKF194	deg3	RKF088
RKF194	id	
RKF194	pc	RKF196(42.58)
RKF194	sec	RKF053;RKF077;RKF113;RKF124;RKF126;RKF128;RKF225(4.98)
RKF194	sib	RKF121;RKF195(54.10)
RKF195	deg3	RKF077;RKF088;RKF126
RKF195	id	
RKF195	pc	RKF196(41.17);RKF225(9.63)
RKF195	sec	RKF053;RKF113;RKF124;RKF128
RKF195	sib	RKF121;RKF194
RKF196	deg3	RKF182
RKF196	id	
RKF196	pc	RKF077;RKF121;RKF194;RKF195;RKF225(5.22)
RKF196	sec	RKF110;RKF113
RKF196	sib	RKF053;RKF124;RKF126
RKF197	deg3	RKF058;RKF119
RKF197	id	
RKF197	pc	
RKF197	sec	
RKF197	sib	
RKF198	deg3	RKF012;RKF016;RKF047;RKF142;RKF152;RKF209(1.14)
RKF198	id	
RKF198	pc	RKF190;RKF218(42.66)
RKF198	sec	RKF010;RKF020;RKF028;RKF042;RKF127;RKF184
RKF198	sib	
RKF199	deg3	RKF010;RKF012;RKF014;RKF100;RKF152
RKF199	id	
RKF199	pc	RKF142
RKF199	sec	RKC020;RKC023;RKF016;RKF042;RKF140;RKF167;RKF209(8.26)
RKF199	sib	RKF002;RKF168
RKF200	deg3	
RKF200	id	
RKF200	pc	
RKF200	sec	RKF115
RKF200	sib	
RKF201	deg3	RKF062;RKF176;RKF182
RKF201	id	
RKF201	pc	RKF129;RKF179
RKF201	sec	RKF067
RKF201	sib	
RKF203	deg3	RKF075;RKF133
RKF203	id	
RKF203	pc	
RKF203	sec	RKF105;RKF109;RKF117;RKF122
RKF203	sib	
RKF204	deg3	RKF167;RKF225(0.15)
RKF204	id	
RKF204	pc	
RKF204	sec	RKF123;RKF171
RKF204	sib	
RKF205	deg3	RKF123;RKF167;RKF225(0.56)
RKF205	id	
RKF205	pc	
RKF205	sec	RKF058
RKF205	sib	
RKF207	deg3	
RKF207	id	
RKF207	pc	RKF073;RKF147;RKF226(37.72)
RKF207	sec	RKF064;RKF136
RKF207	sib	
RKF209	deg3	RKF012;RKF013;RKF037;RKF038;RKF127;RKF156;RKF160;RKF191;RKF198
RKF209	id	
RKF209	pc	RKF042;RKF140
RKF209	sec	RKC020;RKC023;RKF002;RKF010;RKF014;RKF047;RKF100;RKF152;RKF168;RKF199;RKF218(1.22)
RKF209	sib	RKF016;RKF142
RKF210	deg3	RKF032;RKF041;RKF046;RKF047;RKF139;RKF155;RKF158;RKF219(4.28)
RKF210	id	
RKF210	pc	RKF213(41.84)
RKF210	sec	RKF029;RKF031;RKF033;RKF034;RKF036;RKF040;RKF141;RKF157;RKF170
RKF210	sib	
RKF211	deg3	RKF123;RKF171
RKF211	id	
RKF211	pc	RKF037;RKF160
RKF211	sec	
RKF211	sib	
RKF212	deg3	
RKF212	id	
RKF212	pc	RKF032;RKF041
RKF212	sec	RKF119;RKF171
RKF212	sib	
RKF213	deg3	RKF042;RKF047;RKF158
RKF213	id	
RKF213	pc	RKF033;RKF034;RKF170;RKF210
RKF213	sec	RKF032;RKF036;RKF041;RKF046;RKF139;RKF155;RKF219(9.16)
RKF213	sib	RKF029;RKF031;RKF040;RKF141;RKF157
RKF214	deg3	RKF059;RKF128
RKF214	id	
RKF214	pc	
RKF214	sec	
RKF214	sib	
RKF215	deg3	
RKF215	id	RKF030
RKF215	pc	
RKF215	sec	
RKF215	sib	
RKF216	deg3	RKF001
RKF216	id	
RKF216	pc	
RKF216	sec	
RKF216	sib	
RKF217	deg3	
RKF217	id	
RKF217	pc	RKF094
RKF217	sec	
RKF217	sib	
RKF218	deg3	RKC020;RKF002;RKF013;RKF023;RKF037;RKF038;RKF100;RKF152;RKF156;RKF160;RKF168;RKF191
RKF218	id	
RKF218	pc	RKF020;RKF028;RKF042;RKF127;RKF184;RKF198
RKF218	sec	RKF012;RKF016;RKF047;RKF142;RKF209
RKF218	sib	RKF010
RKF219	deg3	RKF032;RKF033;RKF034;RKF058;RKF139;RKF170;RKF210
RKF219	id	
RKF219	pc	RKF031;RKF153;RKF158
RKF219	sec	RKF029;RKF040;RKF141;RKF157;RKF213
RKF219	sib	RKF036;RKF155
RKF220	deg3	RKF060;RKF076;RKF178;RKF186
RKF220	id	
RKF220	pc	
RKF220	sec	RKF080
RKF220	sib	
RKF221	deg3	RKF083;RKF114
RKF221	id	
RKF221	pc	RKF151
RKF221	sec	RKF158
RKF221	sib	
RKF224	deg3	RKF075
RKF224	id	
RKF224	pc	
RKF224	sec	
RKF224	sib	
RKF225	deg3	RKF012;RKF017;RKF035;RKF053;RKF059;RKF077;RKF096;RKF110;RKF111;RKF123;RKF124;RKF168;RKF204;RKF205
RKF225	id	
RKF225	pc	RKF113;RKF171;RKF195;RKF196
RKF225	sec	RKF085;RKF121;RKF187;RKF194
RKF225	sib	
RKF226	deg3	RKF079;RKF164
RKF226	id	
RKF226	pc	RKF148;RKF207
RKF226	sec	RKF064;RKF136;RKF182;RKF185
RKF226	sib	RKF073;RKF147
RKF227	deg3	RKF075;RKF085
RKF227	id	
RKF227	pc	RKF074
RKF227	sec	RKF171
RKF227	sib	
RKO001	deg3	RKF123;RKF167
RKO001	id	
RKO001	pc	
RKO001	sec	
RKO001	sib	
RKO003	deg3	RKF171
RKO003	id	
RKO003	pc	
RKO003	sec	
RKO003	sib	
RKO004	deg3	RKF022;RKF171
RKO004	id	
RKO004	pc	
RKO004	sec	RKF058
RKO004	sib	
